{
  "LogisticRegression": {
    "accuracy": 0.8885,
    "precision": 0.8897156410515286,
    "recall": 0.8885,
    "f1_score": 0.8851889361324745,
    "confusion_matrix": [
      [
        527,
        12,
        0,
        5,
        5,
        1
      ],
      [
        9,
        677,
        13,
        2,
        2,
        1
      ],
      [
        4,
        44,
        127,
        2,
        1,
        0
      ],
      [
        24,
        13,
        1,
        233,
        4,
        0
      ],
      [
        17,
        19,
        0,
        5,
        166,
        5
      ],
      [
        10,
        13,
        0,
        1,
        10,
        47
      ]
    ]
  },
  "RandomForest": {
    "accuracy": 0.8965,
    "precision": 0.8968899152654963,
    "recall": 0.8965,
    "f1_score": 0.8964672524663932,
    "confusion_matrix": [
      [
        509,
        11,
        5,
        9,
        13,
        3
      ],
      [
        15,
        649,
        21,
        7,
        10,
        2
      ],
      [
        3,
        24,
        147,
        2,
        1,
        1
      ],
      [
        17,
        8,
        1,
        238,
        11,
        0
      ],
      [
        11,
        7,
        0,
        3,
        185,
        6
      ],
      [
        1,
        8,
        0,
        1,
        6,
        65
      ]
    ]
  },
  "XGBoost": {
    "accuracy": 0.892,
    "precision": 0.8931813517396332,
    "recall": 0.892,
    "f1_score": 0.8922362213724057,
    "confusion_matrix": [
      [
        497,
        24,
        4,
        11,
        11,
        3
      ],
      [
        8,
        649,
        29,
        5,
        6,
        7
      ],
      [
        2,
        15,
        157,
        2,
        1,
        1
      ],
      [
        15,
        13,
        1,
        236,
        10,
        0
      ],
      [
        10,
        13,
        0,
        3,
        179,
        7
      ],
      [
        1,
        7,
        0,
        0,
        7,
        66
      ]
    ]
  },
  "best_model": "RandomForest"
}